,latitude,longitude,address
0,55.59990371830112,37.54088940671097,"город Москва, улица Паустовского, дом 5, корпус 1"
1,55.812212082582754,37.568022248883096,"город Москва, Тимирязевская улица, дом 10/12"
2,55.54309101875911,37.5727038817007,"город Москва, Синельниковская улица, дом 45А"
3,55.89449498937614,37.61305527950431,"город Москва, улица Лескова, дом 26А"
4,55.858458648765314,37.51146613016895,"город Москва, Онежская улица, дом 34, корпус 1"
5,55.795592697869836,37.69353786442255,"город Москва, улица Короленко, дом 7, корпус 1"
6,55.739712964246294,37.77977428269673,"город Москва, Кусковская улица, дом 21, корпус 1"
7,55.71210266727212,37.617969172692156,"город Москва, улица Серпуховский Вал, дом 6"
8,55.79488547001707,37.80889145311538,"город Москва, Средняя Первомайская улица, дом 28"
9,55.47893654,37.4569871,"город Москва, улица Паперника, дом 13"
10,55.74319620651479,37.85980002992814,"город Москва, Суздальская улица, дом 26А"
11,55.69103634215761,37.72991900279388,"город Москва, улица Полбина, дом 6"
12,55.69002836973689,37.721239363112794,"город Москва, улица Гурьянова, дом 9"
13,55.86658179215709,37.560049118495805,"город Москва, Бескудниковский бульвар, дом 20А"
14,55.75971455078106,37.70236779347696,"город Москва, улица Лефортовский Вал, дом 7"
15,55.82451646537666,37.52974826035016,"город Москва, Большая Академическая улица, дом 24, корпус 2"
16,55.83888902672209,37.54362070464895,"город Москва, Большая Академическая улица, дом 57"
17,55.8429849999999,37.554404,"город Москва, Большая Академическая улица, дом 77, корпус 1"
18,55.82081190694384,37.83323573372659,"город Москва, Алтайская улица, дом 33/7"
19,55.87916801589052,37.52471779478705,"город Москва, Ангарская улица, дом 39"
20,55.886483554268096,37.524418818979655,"город Москва, Ангарская улица, дом 69"
21,55.68084148269319,37.66283046771833,"город Москва, проспект Андропова, дом 26"
22,55.671779182721004,37.752794604133825,"город Москва, Армавирская улица, дом 27/23"
23,55.63919612599679,37.51288860057073,"город Москва, улица Академика Арцимовича, дом 13"
24,55.872197,37.673062,"город Москва, улица Лётчика Бабушкина, дом 33, корпус 4"
25,55.605216577541434,37.72613164425762,"город Москва, улица Генерала Белова, дом 51, корпус 1А"
26,55.59968394980229,37.66452123698665,"город Москва, Бирюлёвская улица, дом 5, корпус 1"
27,55.66186417434049,37.58323602169326,"город Москва, Болотниковская улица, дом 47, корпус 1"
28,55.63597255988713,37.752330415035935,"город Москва, улица Борисовские Пруды, дом 18, корпус 3"
29,55.65568,37.392444,"город Москва, Боровский проезд, дом 2"
30,55.83605270862622,37.66710998387873,"город Москва, Будайский проезд, дом 7, корпус 1"
31,55.783963594691194,37.58731649701757,"город Москва, улица Бутырский Вал, дом 32"
32,55.648348620917915,37.618829011917114,"город Москва, Варшавское шоссе, дом 90, корпус 1"
33,55.717584056228965,37.66441019198812,"город Москва, Велозаводская улица, дом 3/2"
34,55.717417848010655,37.66447270661895,"город Москва, Велозаводская улица, дом 3/2"
35,55.858087430144046,37.666728373789205,"город Москва, Верхоянская улица, дом 10"
36,55.453691006412804,37.298016252044775,"город Москва, Весенняя улица, дом 10"
37,55.68299218497932,37.59485324101193,"город Москва, улица Винокурова, дом 24, корпус 4"
38,55.749204999,37.785178,"город Москва, 2-я Владимирская улица, дом 44/10"
39,55.763256106874074,37.78555072302349,"город Москва, 3-я Владимирская улица, дом 3, корпус 1"
40,55.75462422372795,37.79078282728976,"город Москва, 3-я Владимирская улица, дом 25, корпус 1"
41,55.75399907741965,37.791128564704294,"город Москва, 3-я Владимирская улица, дом 27"
42,55.69533067168765,37.81276537037124,"город Москва, Волгоградский проспект, дом 185/19"
43,55.71937735833565,37.7396836665273,"город Москва, Волжский бульвар, дом 2/22"
44,55.81598,37.50989,"город Москва, улица Космонавта Волкова, дом 7"
45,55.8141095113602,37.468235157592,"город Москва, Волоколамское шоссе, дом 45"
46,55.75188601656906,37.67989613282853,"город Москва, Таможенный проезд, дом 1/9"
47,55.78341362070643,37.696306582701006,"город Москва, улица Гастелло, дом 41"
48,55.85444256737992,37.410296729822555,"город Москва, улица Героев Панфиловцев, дом 41, корпус 1"
49,55.7884829999999,37.469556999,"город Москва, улица Генерала Глаголева, дом 30, корпус 4"
50,55.725443156834295,37.414168159758894,"город Москва, улица Гришина, дом 25"
51,55.65740728466078,37.4853044480885,"город Москва, улица 26-ти Бакинских Комиссаров, дом 7, корпус 4"
52,55.827804535972774,37.571814029320734,"город Москва, Дмитровское шоссе, дом 29, корпус 1"
53,55.88869726864896,37.54149432282044,"город Москва, Дмитровское шоссе, дом 131, корпус 1"
54,55.84582654780502,37.4184880810432,"город Москва, проезд Донелайтиса, дом 19"
55,55.862958430888455,37.567504775873516,"город Москва, Дубнинская улица, дом 10, корпус 1"
56,55.8782904342869,37.483395900176966,"город Москва, улица Дыбенко, дом 44"
57,55.8285309999999,37.5247949999999,"город Москва, бульвар Матроса Железняка, дом 9"
58,55.713090630589065,37.78189099161597,"город Москва, Зеленодольская улица, дом 9, корпус 2"
59,55.71414121908437,37.78352223103689,"город Москва, Зеленодольская улица, дом 14, корпус 1"
60,55.710569483514405,37.76773670637765,"город Москва, Зеленодольская улица, дом 32, корпус 3"
61,55.737902029807834,37.63368554986849,"город Москва, Большая Татарская улица, дом 36"
62,55.79621231680141,37.78996726285306,"город Москва, Измайловский бульвар, дом 18"
63,55.867953410692955,37.67845160819358,"город Москва, Изумрудная улица, дом 4"
64,55.87143626604508,37.683782210313204,"город Москва, Изумрудная улица, дом 20"
65,55.72340410755813,37.78396287350991,"город Москва, 1-й Институтский проезд, дом 14"
66,55.804907820053714,37.420547692160795,"город Москва, улица Исаковского, дом 33, корпус 3"
67,55.63298733426211,37.7986432544655,"город Москва, 5-й квартал Капотня, дом 15"
68,55.76993494672598,37.48293259545935,"город Москва, Карамышевская набережная, дом 10, корпус 1"
69,55.863790356360276,37.59316142154203,"город Москва, Каргопольская улица, дом 14, корпус 1"
70,55.62891415507509,37.611087312292916,"город Москва, Кировоградская улица, дом 8, корпус 2"
71,55.599566714141815,37.59716606125759,"город Москва, Кировоградская улица, дом 42"
72,55.879511763449436,37.53367363748339,"город Москва, улица Софьи Ковалевской, дом 4"
73,55.705010434914485,37.67027186446408,"город Москва, 5-я Кожуховская улица, дом 14"
74,55.869839,37.534137,"город Москва, Коровинское шоссе, дом 13, корпус 1"
75,55.82057229516254,37.66166264356255,"город Москва, улица Космонавтов, дом 26"
76,55.67919150546514,37.51485844709022,"город Москва, улица Кравченко, дом 18"
77,55.75895757653772,37.54288926688611,"город Москва, Красногвардейский бульвар, дом 3, строение 1"
78,55.75378174096657,37.5345191050282,"город Москва, 2-й Красногвардейский проезд, дом 10"
79,55.612966788825155,37.59302644300225,"город Москва, улица Красного Маяка, дом 10"
80,55.73038175739613,37.41341240153843,"город Москва, Кунцевская улица, дом 13/6"
81,55.73870792133525,37.76315428997237,"город Москва, Кусковская улица, дом 1"
82,55.80491495036969,37.509193880868494,"город Москва, Ленинградский проспект, дом 77, корпус 1"
83,55.66817864951827,37.51450618737113,"город Москва, Ленинский проспект, дом 102"
84,55.6535809832768,37.4895334200199,"город Москва, Ленинский проспект, дом 152"
85,55.897630670195774,37.60145110479472,"город Москва, улица Лескова, дом 10В"
86,55.84297928550322,37.547433931308305,"город Москва, улица Лихоборские Бугры, дом 8"
87,55.78957537446513,37.6655952615593,"город Москва, улица Лобачика, дом 23, корпус 1"
88,55.679397,37.739087,"город Москва, Люблинская улица, дом 113А"
89,55.663847618206724,37.741931097906225,"город Москва, Люблинская улица, дом 147"
90,55.7741303085196,37.8245612608015,"город Москва, Магнитогорская улица, дом 7"
91,55.74442571619489,37.754172634426695,"город Москва, Мастеровая улица, дом 17/1, корпус 2"
92,55.758383,37.786047,"город Москва, улица Металлургов, дом 17"
93,55.83702889863072,37.65952454369537,"город Москва, проспект Мира, дом 194"
94,55.839742,37.5273529999999,"город Москва, Михалковская улица, дом 24"
95,55.73266152392893,37.41753013138191,"город Москва, Молодогвардейская улица, дом 29, корпус 1"
96,55.75282064070054,37.83255945918352,"город Москва, улица Молостовых, дом 17, корпус 1"
97,55.81187778683805,37.65398578056805,"город Москва, Маломосковская улица, дом 31"
98,55.7533961511658,37.522981148291855,"город Москва, Мукомольный проезд, дом 9, корпус 1"
99,55.89201800604156,37.60047734683598,"город Москва, Мурановская улица, дом 6"
100,55.71561813414696,37.62185121519182,"город Москва, Люсиновская улица, дом 68"
101,55.681735,37.655571,"город Москва, Нагатинская набережная, дом 20, корпус 2"
102,55.7787487911141,37.47811487862663,"город Москва, улица Народного Ополчения, дом 23, корпус 1"
103,55.75404185931555,37.7995190120348,"город Москва, Новогиреевская улица, дом 31/45"
104,55.82677030851259,37.52094281757468,"город Москва, Новопетровская улица, дом 14"
105,55.67808785415321,37.75895177016984,"город Москва, Новороссийская улица, дом 16, корпус 2"
106,55.68038978546671,37.57671548591094,"город Москва, Новочерёмушкинская улица, дом 24"
107,55.648399097706786,37.739461244887636,"город Москва, Новочеркасский бульвар, дом 51"
108,55.64833293500732,37.73949689646755,"город Москва, Новочеркасский бульвар, дом 51"
109,55.7411724000606,37.3973376234088,"город Москва, улица Академика Павлова, дом 10"
110,55.874147389057995,37.70778429103098,"город Москва, Палехская улица, дом 131А"
111,55.874147389057995,37.70778429103098,"город Москва, Палехская улица, дом 131А"
112,55.5244903,37.4246515,"город Москва, Палехская улица, дом 147"
113,55.78943680313048,37.779055778995435,"город Москва, 1-я Парковая улица, дом 4"
114,55.80724523712582,37.822521466670736,"город Москва, 15-я Парковая улица, дом 40, корпус 5"
115,55.8081937349729,37.82892476679258,"город Москва, 16-я Парковая улица, дом 45"
116,55.59990371830112,37.54088940671097,"город Москва, улица Паустовского, дом 5, корпус 1"
117,55.97742139336857,37.173237435823594,"город Москва, город Зеленоград, улица 1 Мая, дом 2"
118,55.78445055658122,37.640969140008565,"город Москва, Большая Переяславская улица, дом 11"
119,55.7472729999999,37.7571009999999,"город Москва, Перовская улица, дом 6, корпус 1"
120,55.792159,37.570366,"город Москва, Петровско-Разумовский проезд, дом 2"
121,55.86576197164032,37.495467801505555,"город Москва, Петрозаводская улица, дом 11, корпус 3"
122,55.741310984133065,37.768986446256584,"город Москва, улица Плеханова, дом 31, корпус 1"
123,55.88790994910737,37.61130702551798,"город Москва, улица Плещеева, дом 7"
124,55.737144889743185,37.70989729660781,"город Москва, Подъёмный переулок, дом 1"
125,55.87350814793902,37.63819190956995,"город Москва, Полярная улица, дом 6, корпус 1"
126,55.65466,37.385234,"город Москва, Попутная улица, дом 5"
127,55.80966639395541,37.70799786886788,"город Москва, 2-я Прогонная улица, дом 10"
128,55.64071057194739,37.658007002413804,"город Москва, Пролетарский проспект, дом 19, корпус 3"
129,55.64899705,37.533921,"город Москва, Профсоюзная улица, дом 69"
130,55.90209380581119,37.55221428307433,"город Москва, Псковская улица, дом 6"
131,55.64738206038824,37.41508841271088,"город Москва, улица 50 лет Октября, дом 1, корпус 1"
132,55.850229324466525,37.42657750743692,"город Москва, бульвар Яна Райниса, дом 10"
133,55.84877517619089,37.42115655601655,"город Москва, бульвар Яна Райниса, дом 22, корпус 1"
134,55.70828474234254,37.680693954385916,"город Москва, улица Петра Романова, дом 6"
135,55.85701257646488,37.63744206564258,"город Москва, проезд Русанова, дом 35"
136,55.8315,37.5285549999999,"город Москва, улица Генерала Рычагова, дом 12"
137,55.74577467248615,37.81368623133467,"город Москва, Свободный проспект, дом 32"
138,55.84245960154294,37.45601526570598,"город Москва, улица Свободы, дом 32"
139,55.71214777066624,37.61500196631529,"город Москва, улица Серпуховский Вал, дом 14"
140,55.72555602586714,37.46380836943313,"город Москва, Славянский бульвар, дом 13, корпус 1"
141,55.84683695227149,37.49871414040735,"город Москва, Смольная улица, дом 15"
142,55.67892364878875,37.76376208031774,"город Москва, Совхозная улица, дом 16"
143,55.763964,37.738692,"город Москва, 5-я улица Соколиной Горы, дом 16, корпус 1"
144,55.79178002394816,37.66099891616466,"город Москва, улица Сокольнический Вал, дом 22"
145,55.68120418915429,37.7513062474014,"город Москва, Ставропольская улица, дом 17"
146,55.75810669216371,37.839015711574454,"город Москва, улица Сталеваров, дом 14, корпус 1"
147,55.766360999,37.712866,"город Москва, Сторожевая улица, дом 18"
148,55.79573419871416,37.60370036020797,"город Москва, Стрелецкая улица, дом 10"
149,55.892758950892386,37.6667310822038,"город Москва, Студёный проезд, дом 26"
150,55.68042206534682,37.67074522900734,"город Москва, Судостроительная улица, дом 9"
151,55.63393726922715,37.604470102691565,"город Москва, Сумской проезд, дом 9"
152,55.708288,37.817025,"город Москва, Ташкентская улица, дом 8"
153,55.81485350537508,37.565850432017854,"город Москва, Тимирязевская улица, дом 16"
154,55.789348475650314,37.59969671542022,"город Москва, Тихвинская улица, дом 17, строение 1"
155,55.719666,37.4017189999999,"город Москва, улица Толбухина, дом 8, корпус 1"
156,55.70260044338589,37.68469168488056,"город Москва, улица Трофимова, дом 32, корпус 1"
157,55.7030809999999,37.684852,"город Москва, улица Трофимова, дом 32, корпус 1"
158,55.68301147552411,37.52238673419818,"город Москва, улица Марии Ульяновой, дом 16"
159,55.81798354827046,37.79911203128608,"город Москва, Уральская улица, дом 12/21"
160,55.82357670078481,37.81079541330423,"город Москва, Уссурийская улица, дом 1, корпус 5"
161,55.82379868023434,37.818972835535504,"город Москва, Уссурийская улица, дом 9"
162,55.843783905733986,37.443809933503104,"город Москва, улица Фабрициуса, дом 22, строение 1"
163,55.694408,37.816405,"город Москва, Ферганский проезд, дом 14, корпус 3"
164,55.741859715044,37.501267777158,"город Москва, 2-я Филёвская улица, дом 7, корпус 7"
165,55.84999164726708,37.487326251949256,"город Москва, Флотская улица, дом 28, корпус 1"
166,55.805403404651436,37.72619111883125,"город Москва, Халтуринская улица, дом 18"
167,55.800104198031654,37.51902299381461,"город Москва, Чапаевский переулок, дом 10/2"
168,55.84538032268151,37.55125213260672,"город Москва, проезд Черепановых, дом 68"
169,55.793532312919496,37.72047868552704,"город Москва, Большая Черкизовская улица, дом 6, корпус 6"
170,55.817192,37.826191,"город Москва, Хабаровская улица, дом 7/50"
171,55.817112,37.826233,"город Москва, Хабаровская улица, дом 7/50"
172,55.604294168912524,37.592621009919014,"город Москва, Чертановская улица, дом 47, корпус 2"
173,55.653897787352804,37.60896087519063,"город Москва, Чонгарский бульвар, дом 18, корпус А"
174,55.69835668935294,37.763257873012314,"город Москва, улица Маршала Чуйкова, дом 7, корпус 4"
175,55.890619469181026,37.591459652794015,"город Москва, Шенкурский проезд, дом 2"
176,55.89284733364632,37.591495359647695,"город Москва, Шенкурский проезд, дом 6"
177,55.88797063970387,37.67146201922185,"город Москва, Широкая улица, дом 21"
178,55.688136,37.725625,"город Москва, Шоссейная улица, дом 13"
179,55.805747,37.769281,"город Москва, Щёлковское шоссе, дом 12, корпус 3"
180,55.812509,37.821777,"город Москва, Щёлковское шоссе, дом 89/2"
181,55.7588532749388,37.70889617813424,"город Москва, Энергетическая улица, дом 14, корпус 1"
182,55.76298620506829,37.77807809659921,"город Москва, шоссе Энтузиастов, дом 66/1"
183,55.698837350033486,37.73914939029246,"город Москва, улица Юных Ленинцев, дом 10/15, корпус 1"
184,55.762566,37.7174309999999,"город Москва, Юрьевский переулок, дом 22, корпус 1"
185,55.82443841881721,37.57930594628981,"город Москва, улица Яблочкова, дом 31"
186,55.71299937359923,37.607420837485776,"город Москва, улица Шаболовка, дом 65, корпус 1"
187,55.89353162288565,37.55842036639441,"город Москва, Дубнинская улица, дом 50"
188,55.869819,37.631236,"город Москва, проезд Дежнёва, дом 29, корпус 1"
189,55.80732621319493,37.56252278540434,"город Москва, Дмитровский проезд, дом 20, корпус 2"
190,55.68313799717749,37.92672208041654,"город Москва, 1-я Вольская улица, дом 22, корпус 1"
191,55.865775347892004,37.59832227792223,"город Москва, улица Декабристов, дом 10, корпус 2"
192,55.865775347892,37.5983222779222,"город Москва, улица Декабристов, дом 10, корпус 2"
193,55.70233032048503,37.84844751668113,"город Москва, Лермонтовский проспект, дом 6"
194,55.787007,37.733689,"город Москва, Мироновская улица, дом 18"
195,55.6472306102658,37.74671028892313,"город Москва, Люблинская улица, дом 171"
196,55.684696,37.852913,"город Москва, улица Авиаконструктора Миля, дом 8, корпус 1"
197,55.6541289422477,37.763852287106,"город Москва, Братиславская улица, дом 26"
198,55.62956,37.48619,"город Москва, улица Тёплый Стан, дом 12, корпус 1"
199,55.5992378862984,37.5111477795217,"город Москва, проезд Одоевского, дом 7, корпус 7"
200,55.864275438942215,37.5022845494069,"город Москва, Петрозаводская улица, дом 12, корпус 1"
201,55.875555267185206,37.52524300612405,"город Москва, Коровинское шоссе, дом 19"
202,55.875376346000415,37.52527158266175,"город Москва, Коровинское шоссе, дом 19"
203,55.870236493651795,37.712376214524234,"город Москва, Ярославское шоссе, дом 122, корпус 1"
204,55.80351326290442,37.813618742064776,"город Москва, Сиреневый бульвар, дом 51"
205,55.89449498937614,37.61305527950431,"город Москва, улица Лескова, дом 26А"
206,55.694124,37.746238,"город Москва, улица Чистова, дом 16, корпус 7"
207,55.650463075452,37.597416064507144,"город Москва, Азовская улица, дом 24, корпус 2"
208,55.977634287102674,37.18596339225769,"город Москва, город Зеленоград, корпус 848"
209,55.67108770789192,37.61061123933505,"город Москва, Электролитный проезд, дом 16, корпус 7"
210,55.47146622087399,37.30161993585225,"город Москва, город Троицк, Октябрьский проспект, дом 15"
211,55.51429924500863,37.56846267026104,"город Москва, город Щербинка, Почтовая улица, дом 15"
212,55.75773751867183,37.715567611301324,"город Москва, Авиамоторная улица, дом 6, строение 4"
213,55.740287535057504,37.825511335292205,"город Москва, улица Старый Гай, дом 8Ж"
214,55.89112610853221,37.61939761266081,"город Москва, улица Лескова, дом 34"
215,55.82079460625467,37.822808337523085,"город Москва, Алтайская улица, дом 17А"
216,55.806788896902894,37.727355350192155,"город Москва, Открытое шоссе, дом 2, корпус 12"
217,55.82118085934065,37.870139983031756,"город Москва, Главная улица, дом 21А"
218,55.82117792983098,37.870131802514194,"город Москва, Главная улица, дом 21А"
219,55.989225,37.227488,"город Москва, город Зеленоград, корпус 601А"
220,55.984154,37.147853,"город Москва, город Зеленоград, корпус 1406"
221,55.69279145009108,37.60928113139845,"город Москва, Севастопольский проспект, дом 3Б"
222,55.63354316726621,37.53449799044909,"город Москва, улица Введенского, дом 29"
223,55.63063681730715,37.51473330728102,"город Москва, Профсоюзная улица, дом 128, корпус 3"
224,55.61923002522064,37.487143793243355,"город Москва, улица Генерала Тюленева, дом 25А"
225,55.680205005262586,37.55787205062266,"город Москва, Нахимовский проспект, дом 65"
226,55.62533976636429,37.50881868253598,"город Москва, Профсоюзная улица, дом 142, корпус 1"
227,55.67444243865142,37.597557675899,"город Москва, Нагорная улица, дом 31, строение А"
228,55.88222294173612,37.51805658726692,"город Москва, Коровинское шоссе, дом 33А"
229,55.846199479913075,37.58111831784622,"город Москва, Гостиничная улица, дом 10, корпус 5"
230,55.83314005745768,37.59400031150853,"город Москва, Ботаническая улица, дом 29, корпус 2"
231,55.788745328301395,37.71185962589493,"город Москва, улица Девятая Рота, дом 2"
232,55.80926731735541,37.72516877523104,"город Москва, бульвар Маршала Рокоссовского, дом 5"
233,55.80926731735541,37.72516877523104,"город Москва, бульвар Маршала Рокоссовского, дом 5"
234,55.883368932753804,37.55849294085089,"город Москва, Дубнинская улица, дом 32"
235,55.87043177587171,37.54610951656973,"город Москва, Дмитровское шоссе, дом 91"
236,55.875612,37.622154,"город Москва, Ясный проезд, дом 26, корпус 2"
237,55.8463958227154,37.5854369627045,"город Москва, Ботаническая улица, дом 14"
238,55.87373571003905,37.484008830982695,"город Москва, улица Дыбенко, дом 28, строение 2"
239,55.5796042889445,37.6488443838193,"город Москва, Булатниковская улица, дом 9А"
240,55.67169102106214,37.597360680192295,"город Москва, Нагорный бульвар, дом 16"
241,55.778158,37.722621,"город Москва, Кирпичная улица, дом 3"
242,55.790114,37.66503,"город Москва, улица Шумкина, дом 10"
243,55.804434,37.781236,"город Москва, 3-я Парковая улица, дом 53, строение 1"
244,55.7788316464913,37.82758570450567,"город Москва, Челябинская улица, дом 15"
245,55.6535809832768,37.4895334200199,"город Москва, улица 26-ти Бакинских Комиссаров, дом 12, корпус 2"
246,55.8693168021688,37.6364150272436,"город Москва, проезд Дежнёва, дом 23, корпус 2"
247,55.75404185931555,37.7995190120348,"город Москва, улица Плеханова, дом 23А"
248,55.72335364260858,37.83004909049349,"город Москва, Вешняковская улица, дом 29Б"
249,55.7265196134527,37.81332689657337,"город Москва, улица Молдагуловой, дом 12А"
250,55.7461154905354,37.80861447626737,"город Москва, Мартеновская улица, дом 39, строение 2"
251,55.74028952491313,37.8255172495853,"город Москва, улица Старый Гай, дом 8Д"
252,55.72247136273474,37.81109223343469,"город Москва, Снайперская улица, дом 8Б"
253,55.763119967585,37.8331314311275,"город Москва, улица Молостовых, дом 3А"
254,55.76267998839738,37.83518424457189,"город Москва, улица Молостовых, дом 3А"
255,55.627204924368485,37.73552199403881,"город Москва, улица Мусы Джалиля, дом 8, корпус 5"
256,55.62236045503238,37.739492916756305,"город Москва, Шипиловская улица, дом 41, корпус 3"
257,55.58410920094119,37.6765442037048,"город Москва, Бирюлёвская улица, дом 49, корпус 4, строение 2"
258,55.616486345958776,37.7201332797551,"город Москва, улица Генерала Белова, дом 23"
259,55.60498542264653,37.73742805463081,"город Москва, Ясеневая улица, дом 29"
260,55.59113541949727,37.66356301095652,"город Москва, Бирюлёвская улица, дом 34"
261,55.60537454996841,37.7469301679695,"город Москва, Тамбовская улица, дом 5"
262,55.610831121003734,37.72408336426233,"город Москва, улица Генерала Белова, дом 35"
263,55.63789426,37.6776817,"город Москва, Кантемировская улица, дом 6, корпус 1"
264,55.678257986809,37.69734512151504,"город Москва, Коломенская улица, дом 17"
265,55.816530566749115,37.64959803837125,"город Москва, Ярославская улица, дом 8, корпус 6"
266,55.817008,37.633284999,"город Москва, Звёздный бульвар, дом 10, строение 1"
267,55.708618,37.394123,"город Москва, Беловежская улица, дом 63"
268,55.67388643982602,37.81276056155348,"город Москва, улица Степана Шутова, дом 4, строение 1"
269,55.72998522338943,37.77212251399259,"город Москва, Зарайская улица, дом 37А"
270,55.698581543038365,37.779456513808455,"город Москва, улица Юных Ленинцев, дом 99"
271,55.68323997727818,37.754999695806994,"город Москва, Спортивный проезд, дом 5"
272,55.67301659654983,37.747550118543685,"город Москва, улица Судакова, дом 11, строение 2"
273,55.6773396131651,37.75679714344623,"город Москва, Краснодарская улица, дом 34А, строение 1"
274,55.82665677619453,37.517747551633875,"город Москва, Новопетровская улица, дом 1, строение 1"
275,55.787503,37.738234,"город Москва, Фортунатовская улица, дом 20"
276,55.64159589187843,37.76537148660058,"город Москва, улица Борисовские Пруды, дом 34, корпус 3"
277,55.86796595783813,37.55798270870483,"город Москва, Бескудниковский бульвар, дом 24"
278,55.893210205928725,37.52529137067045,"город Москва, Лобненская улица, дом 14Б"
279,55.80376536655713,37.49026477124089,"город Москва, 1-й Волоколамский проезд, дом 10"
280,55.81328688098815,37.62361008174147,"город Москва, Звёздный бульвар, дом 40"
281,55.82910534881271,37.59065293216009,"город Москва, улица Академика Комарова, дом 9"
282,55.936693139019425,37.55307506145268,"город Москва, 9-я Северная линия, дом 3Б"
283,55.87623126535944,37.57068826850188,"город Москва, Путевой проезд, дом 34А"
284,55.93265809873185,37.547944826739574,"город Москва, 9-я Северная линия, дом 19"
285,55.84857768902546,37.652930438528756,"город Москва, проезд Нансена, дом 1"
286,55.872100933097016,37.59114564252191,"город Москва, Высоковольтный проезд, дом 2А"
287,55.524353,37.433086,"город Москва, Ярославское шоссе, дом 146, корпус 1"
288,55.70950153905616,37.867357667406544,"город Москва, Большая Косинская улица, дом 18, строение 7"
289,55.715702,37.881232,"город Москва, улица Руднёвка, дом 5"
290,55.8069170679908,37.706941031074,"город Москва, Краснобогатырская улица, дом 77, строение 1"
291,55.783161074863585,37.735928256228554,"город Москва, Щербаковская улица, дом 53, корпус 1"
292,55.767836146507356,37.83316630987485,"город Москва, Саянская улица, дом 11А"
293,55.771373,37.731012,"город Москва, 9-я улица Соколиной Горы, дом 3, строение 2"
294,55.804976856989086,37.78073068469254,"город Москва, 3-я Парковая улица, дом 55"
295,55.73518736927381,37.83434353057107,"город Москва, Вешняковская улица, дом 15А"
296,55.715481,37.900287,"город Москва, Лухмановская улица, дом 10"
297,55.64264830440806,37.71483219382723,"город Москва, Батайский проезд, дом 17А"
298,55.68498275916154,37.72998046722313,"город Москва, улица Полбина, дом 30, строение 2"
299,55.66801011980173,37.77471153725351,"город Москва, улица Верхние Поля, дом 45, корпус 1, строение 1"
300,55.66801011980173,37.77471153725351,"город Москва, улица Верхние Поля, дом 45, корпус 1, строение 1"
301,55.650320524406105,37.74867704011165,"город Москва, Новомарьинская улица, дом 4, корпус 1"
302,55.71116870642584,37.77155557096127,"город Москва, Зеленодольская улица, дом 28, строение 1"
303,55.64922930969182,37.742128093612926,"город Москва, Новочеркасский бульвар, дом 55, корпус 2"
304,55.67076496436459,37.789455593589054,"город Москва, улица Маршала Баграмяна, дом 5"
305,55.670764,37.789455,"город Москва, улица Маршала Баграмяна, дом 5"
306,55.703755,37.935645,"город Москва, улица Липчанского, дом 4, корпус 2"
307,55.668434124870785,37.545102207434226,"город Москва, улица Архитектора Власова, дом 41, строение 1"
308,55.64011,37.532951,"город Москва, улица Миклухо-Маклая, дом 36А"
309,55.614968,37.490398,"город Москва, улица Генерала Тюленева, дом 12, строение 1"
310,55.573295755823395,37.56901087548525,"город Москва, улица Знаменские Садки, дом 7А, строение 1"
311,55.57330482072123,37.568978485057606,"город Москва, улица Знаменские Садки, дом 7А, строение 1"
312,55.53528282529347,37.52235699691136,"город Москва, Южнобутовская улица, дом 70"
313,55.84968023486204,37.353324731283145,"город Москва, Митинская улица, дом 41"
314,55.84446968736503,37.38373680024862,"город Москва, Пятницкое шоссе, дом 18"
315,55.84446968736503,37.38373680024862,"город Москва, Пятницкое шоссе, дом 18"
316,55.84446968736503,37.38373680024862,"город Москва, Пятницкое шоссе, дом 18"
317,55.84446968736503,37.38373680024862,"город Москва, Пятницкое шоссе, дом 18"
318,55.84446968736503,37.38373680024862,"город Москва, Пятницкое шоссе, дом 18"
319,55.84446968736503,37.38373680024862,"город Москва, Пятницкое шоссе, дом 18"
320,55.84446968736503,37.38373680024862,"город Москва, Пятницкое шоссе, дом 18"
321,55.84446968736503,37.38373680024862,"город Москва, Пятницкое шоссе, дом 18"
322,55.84446968736503,37.38373680024862,"город Москва, Пятницкое шоссе, дом 18"
323,55.84446968736503,37.38373680024862,"город Москва, Пятницкое шоссе, дом 18"
324,55.844324,37.383642,"город Москва, Пятницкое шоссе, дом 18"
325,55.844324,37.383642,"город Москва, Пятницкое шоссе, дом 18"
326,55.844324,37.383642,"город Москва, Пятницкое шоссе, дом 18"
327,55.844324,37.383642,"город Москва, Пятницкое шоссе, дом 18"
328,55.844324,37.383642,"город Москва, Пятницкое шоссе, дом 18"
329,55.844324,37.383642,"город Москва, Пятницкое шоссе, дом 18"
330,55.86086051505011,37.48343127538805,"город Москва, Смольная улица, дом 24А"
331,55.86086051505011,37.48343127538805,"город Москва, Смольная улица, дом 24А"
332,55.86956751524601,37.50778285213654,"город Москва, Зеленоградская улица, дом 18А"
333,55.8041615213783,37.5353332983078,"город Москва, улица Черняховского, дом 6/40, строение А"
334,55.8564917317555,37.50274520098368,"город Москва, Флотская улица, дом 13, корпус 3, строение 1"
335,55.8112278710942,37.5209137426443,"город Москва, Часовая улица, дом 28"
336,55.88329530809575,37.49618005927114,"город Москва, улица Бусиновская Горка, дом 2, строение 3"
337,55.997837,37.190884,"город Москва, город Зеленоград, корпус 1106Е"
338,55.9737783748996,37.1497657524181,"город Москва, город Зеленоград, корпус 1608"
339,55.9737784,37.14976575,"город Москва, город Зеленоград, корпус 1608"
340,55.58768047739763,37.6494082282543,"город Москва, Харьковская улица, дом 4, корпус 3"
341,55.5908439056484,37.6479905113965,"город Москва, Медынская улица, дом 5, корпус 7"
342,55.62963359843043,37.59183993631312,"город Москва, Сумской проезд, дом 23А"
343,55.63069,37.607745,"город Москва, Кировоградская улица, дом 4, корпус 3А"
344,55.59632087270393,37.602940124812356,"город Москва, Варшавское шоссе, дом 135Б"
345,55.59385859219146,37.65605777300953,"город Москва, Касимовская улица, дом 22А"
346,55.6240255219989,37.64764228666243,"город Москва, Севанская улица, дом 23А"
347,55.63628640433793,37.763469682088655,"город Москва, Алма-Атинская улица, дом 7, корпус 1"
348,55.624009990070284,37.707101936373505,"город Москва, улица Маршала Захарова, дом 2"
349,55.623986001255275,37.70710867977312,"город Москва, улица Маршала Захарова, дом 2"
350,55.61497715101608,37.71717469085934,"город Москва, Шипиловская улица, дом 25А"
351,55.594310731608076,37.613254430887935,"город Москва, Россошанская улица, дом 13"
352,55.649682,37.342643,"город Москва, Лукинская улица, дом 10, строение 2"
353,55.74357179176368,37.39648972966427,"город Москва, улица Академика Павлова, дом 11, корпус 2"
354,55.778950208722186,37.69075422222693,"город Москва, Бакунинская улица, дом 69, строение 1"
355,55.778950208722186,37.69075422222693,"город Москва, Бакунинская улица, дом 69, строение 1"
356,55.37437,37.379878,"город Москва, поселение Щаповское, посёлок Курилово, Центральная улица, дом 2"
357,55.314893,37.176522,"город Москва, поселение Вороновское, посёлок ЛМС, микрорайон ""Центральный"", дом 5"
358,55.47146622087399,37.30161993585225,"город Москва, город Троицк, Центральная улица, дом 22"
359,55.50773938589482,37.56725299204513,"город Москва, город Щербинка, Юбилейная улица, дом 8"
360,55.58922703740704,37.374861325609956,"город Москва, город Московский, Радужная улица, дом 19, корпус 1"
361,55.599112,37.16598,"город Москва, поселение Кокошкино, дачный посёлок Кокошкино, Дачная улица, дом 10"
362,55.413509,37.190244,"город Москва, поселение Михайлово-Ярцевское, посёлок Шишкин Лес, дом 1"
363,55.413842,37.193415,"город Москва, поселение Михайлово-Ярцевское, посёлок Шишкин Лес, дом 6"
364,55.478148,37.537532,"город Москва, поселение Рязановское, посёлок Знамя Октября, дом 19"
365,55.215087,37.075834,"город Москва, поселение Роговское, посёлок Рогово, Юбилейная улица, дом 2Б"
366,55.595735,37.209081,"город Москва, поселение Марушкинское, деревня Марушкино, улица Липовая Аллея, дом 10"
367,55.46404483323201,36.93298387081164,"город Москва, поселение Новофедоровское, деревня Яковлевское, дом 21"
368,55.50298932485332,37.55949314961159,"город Москва, город Щербинка, Новостроевская улица, дом 1"
369,55.508575,37.563718,"город Москва, город Щербинка, Пушкинская улица, дом 3Б"
370,55.50664941088635,37.56406492351236,"город Москва, город Щербинка, Пушкинская улица, дом 11"
371,55.514363,37.352116,"город Москва, поселение Десеновское, 6-я Нововатутинская улица, дом 2"
372,55.511465,37.574822,"город Москва, город Щербинка, Варшавское шоссе, 28-й километр, владение 6, строение 1"
373,55.7479696490599,37.49978976791925,"город Москва, Малая Филёвская улица, дом 13"
374,55.7479696490599,37.49978976791925,"город Москва, Малая Филёвская улица, дом 13"
375,55.780811,37.452024,"город Москва, проспект Маршала Жукова, дом 74, корпус 3"
376,55.84772448315323,37.52062687272072,"город Москва, Онежская улица, дом 9/4, корпус А"
377,55.8074416247926,37.5355156875212,"город Москва, Часовая улица, дом 4, корпус 2"
378,55.83232023694091,37.64091640883454,"город Москва, улица Сергея Эйзенштейна, дом 6"
379,55.865535183373034,37.55319732702598,"Селигерская улица, дом 16А"
380,55.8550226102941,37.35547891581662,"город Москва, Пятницкое шоссе, дом 39"
381,55.50237575374528,37.54480759825445,"город Щербинка, улица Барышевская Роща, дом 20"
382,55.57909905920107,37.682515777756535,"город Москва, Липецкая улица, дом 52, корпус 1"
383,55.540949,37.486544,"посёлок Коммунарка, улица Александры Монаховой, дом 96, корпус 2"
384,55.61852357120061,37.646319585410644,"город Москва, улица Бехтерева, дом 41, корпус 1"
385,55.776362622579214,37.49653419829831,"город Москва, проспект Маршала Жукова, дом 10"
386,55.59732099624968,37.723277251639836,"город Москва, Каширское шоссе, дом 142, корпус 1"
387,55.80793953091703,37.706611326414844,"город Москва, Краснобогатырская улица, дом 75, корпус 1"
388,55.73352291031873,37.856694473311684,"город Москва, Новокосинская улица, дом 8, корпус 2"
389,55.74326563036654,37.85994423918706,"город Москва, Суздальская улица, дом 26А"
390,55.7432565654687,37.87925766731879,"город Москва, Салтыковская улица, дом 45"
391,55.589814,37.6729,"город Москва, Липецкая улица, дом 32"
392,55.746392909573544,37.877743055546894,"город Москва, Суздальская улица, дом 42"
393,55.819555644760364,37.70702079448309,"город Москва, Погонный проезд, дом 7А"
394,55.738240084168716,37.84724851812059,"город Москва, Суздальская улица, дом 12Б"
395,55.802113,37.711904,"город Москва, Краснобогатырская улица, дом 87"
396,55.88475271151847,37.58772248283848,"город Москва, Алтуфьевское шоссе, дом 64"
397,55.61852357120061,37.646319585410644,"город Москва, улица Бехтерева, дом 41, корпус 1"
398,55.77668503446395,37.57510950660167,"город Москва, Верхняя улица, дом 3, корпус 2"
399,55.57399043653098,37.66788901235523,"город Москва, Загорьевский проезд, дом 9/12"
400,55.82108612010347,37.78614922737595,"город Москва, Иркутская улица, дом 12/14"
401,55.878616273145205,37.69784921827293,"город Москва, улица Коминтерна, дом 33, корпус 2"
402,55.89049394245546,37.54069136080269,"город Москва, Лобненская улица, дом 2"
403,55.83758744004942,37.65821007823491,"город Москва, проспект Мира, дом 173"
404,55.81802621961882,37.72419054009714,"город Москва, Ивантеевская улица, дом 11"
405,55.82733294019007,37.42466989917943,"город Москва, проезд Стратонавтов, дом 16, корпус 1"
406,55.85137907410039,37.42144633306977,"город Москва, Туристская улица, дом 17"
407,55.69456684349716,37.572737267056155,"город Москва, улица Ферсмана, дом 5, корпус 1"
408,55.77486315581956,37.62303722441704,"город Москва, Троицкая улица, дом 9, корпус 1"
409,55.76171739573963,37.538735056356195,"город Москва, улица Литвина-Седого, дом 13, строение 4"
410,55.683907684387314,37.56041237769458,"город Москва, улица Кржижановского, дом 1/19"
411,55.61942530744055,37.734196363277356,"город Москва, Шипиловская улица, дом 46, корпус 1, строение 2"
412,55.626406328978355,37.65633414184609,"город Москва, Бакинская улица, дом 6"
413,55.627881309459084,37.74330310335846,"город Москва, улица Мусы Джалиля, дом 7, корпус 1"
414,55.851530966412966,37.51307045126519,"город Москва, Кронштадтский бульвар, дом 30Б"
415,55.61854772583693,37.592734929153444,"город Москва, Чертановская улица, дом 32, строение 5"
416,55.82270492292676,37.65820554578599,"город Москва, улица Бориса Галушкина, дом 20"
417,55.70733160149901,37.460199655712834,"город Москва, Матвеевская улица, дом 42, корпус 2"
418,55.843034227627925,37.40272085200094,"город Москва, Окружная улица, дом 2"
419,55.692253470513826,37.45409284407885,"город Москва, Очаковское шоссе, дом 15, корпус 2"
420,55.81114540942116,37.80765658187985,"город Москва, Щёлковское шоссе, дом 79, корпус 1"
421,55.512776,37.530466,"город Москва, город Щербинка, Остафьевская улица, дом 5"
422,55.775279588382496,37.4856984395019,"город Москва, проспект Маршала Жукова, дом 23"
423,55.81846122416757,37.50401229682556,"город Москва, улица Зои и Александра Космодемьянских, дом 4, строение 2"
424,55.62645060326597,37.725331390654475,"город Москва, Борисовский проезд, дом 15, корпус 1, строение 2"
425,55.532685,37.461633,"город Москва, поселение Воскресенское, деревня Губкино, Кронбургская улица, дом 1, корпус 6"
426,55.657984,37.422954,"поселение Московский, улица Татьянин Парк, дом 13, корпус 1"
427,55.49414,37.552031,"город Щербинка, Южный квартал, дом 7"
428,55.500524,37.541943,"город Москва, город Щербинка, улица Барышевская Роща, дом 2"
429,55.770283005638746,37.714730877011746,"город Москва, Боровая улица, дом 12"
430,55.6831334094548,37.68097927757278,"город Москва, Судостроительная улица, дом 29"
431,55.72666420962799,37.76689300759339,"город Москва, улица Михайлова, дом 18, корпус 1"
432,55.79493510586012,37.569400776639874,"город Москва, Петровско-Разумовский проезд, дом 10"
433,55.80249014547146,37.56668606083208,"город Москва, Петровско-Разумовский проезд, дом 24, корпус 1"
434,55.844486324768994,37.429936770645334,"город Москва, улица Фабрициуса, дом 44, корпус 1"
435,55.8531599948832,37.501110092399045,"город Москва, Флотская улица, дом 46"
436,55.86585825854297,37.70052369477811,"город Москва, Ярославское шоссе, дом 63"
437,55.87867889832357,37.71924353792267,"город Москва, Ярославское шоссе, дом 135"
438,55.79976238505459,37.78098737606794,"город Москва, 3-я Парковая улица, дом 41А, строение 13"
439,55.88096,37.712282,"город Москва, улица Егора Абакумова, дом 15А"
440,55.71066886574803,37.59802777928999,"город Москва, улица Орджоникидзе, дом 6/9"
441,55.75454142362452,37.81519802414443,"город Москва, Федеративный проспект, дом 34, корпус 1"
442,55.54457793837358,37.52254227457939,"город Москва, улица Адмирала Лазарева, дом 40"
443,55.686191485905134,37.54421495292133,"город Москва, Ленинский проспект, дом 75А"
444,55.616309746272215,37.70642035554878,"город Москва, Домодедовская улица, дом 1, корпус 1"
445,55.72934106290517,37.66776735479338,"город Москва, 1-я Дубровская улица, дом 2Б, корпус 1"
446,55.797249639592565,37.769902608949785,"город Москва, Измайловский проезд, дом 16, корпус 2"
447,55.80047923054287,37.77119236703626,"город Москва, Измайловский проезд, дом 24, корпус 1"
448,55.86909321104871,37.495751355931866,"город Москва, Клинская улица, дом 12"
449,55.805976759439766,37.70958693440434,"город Москва, Краснобогатырская улица, дом 79"
450,55.82389181653226,37.756086599167425,"город Москва, Открытое шоссе, дом 21, корпус 4"
451,55.82389181653226,37.756086599167425,"город Москва, Открытое шоссе, дом 21, корпус 4"
452,55.8013610129528,37.79434433721277,"город Москва, 7-я Парковая улица, дом 28"
453,55.601877268163015,37.58836686441781,"город Москва, Чертановская улица, дом 58, корпус 1"
454,55.57802028108443,37.57634260907665,"город Москва, Старобитцевская улица, дом 21, корпус 2"
455,55.56853314693668,37.56439242058369,"город Москва, улица Грина, дом 15"
456,55.54457793837358,37.52254227457939,"город Москва, улица Адмирала Лазарева, дом 40"
457,55.56436180153891,37.57114112647747,"город Москва, бульвар Дмитрия Донского, дом 16"
458,55.56726,37.47571,"город Москва, поселение Сосенское, посёлок Коммунарка, Ясная улица, дом 5"
459,55.55095139066108,37.55408430517004,"город Москва, Скобелевская улица, дом 4"
460,55.87657490237082,37.7205098599318,"город Москва, Ярославское шоссе, дом 142, корпус 5"
461,55.67614149898484,37.52629005709825,"город Москва, Ленинский проспект, дом 88"
462,55.54206082628394,37.54467355936872,"город Москва, Чечёрский проезд, дом 8"
463,55.84174441426769,37.378866020599276,"город Москва, Пятницкое шоссе, дом 15, корпус 4"
464,55.57136603805898,37.57392802982537,"город Москва, улица Знаменские Садки, дом 1А"
465,55.59631374238794,37.61448792027928,"город Москва, Россошанская улица, дом 13, корпус 1"
466,55.876392001474784,37.65136221120256,"город Москва, Сухонская улица, дом 7А"
467,55.81262624892123,37.57729442334977,"город Москва, Дмитровское шоссе, дом 5, корпус 1"
468,55.79745404198409,37.796217786282064,"город Москва, Измайловский бульвар, дом 37"
469,55.78685712113624,37.51200311481839,"город Москва, улица Куусинена, дом 19, корпус 1"
470,55.750012567499766,37.799889512097096,"город Москва, Новогиреевская улица, дом 48"
471,55.847223094809934,37.45320575538725,"город Москва, улица Свободы, дом 45, строение 1"
472,55.858285199683486,37.4449308855042,"город Москва, улица Фомичёвой, дом 8"
473,55.773981373409626,37.53713300148441,"город Москва, 3-й Хорошёвский проезд, дом 10"
474,55.62817442624714,37.67697635134401,"город Москва, Ереванская улица, дом 26, корпус 1"
475,55.706681,37.46711,"город Москва, Нежинская улица, дом 17, корпус 2"
476,55.671326,37.517033,"город Москва, улица Удальцова, дом 1"
477,55.80339431375716,37.63123067604084,"город Москва, улица Годовикова, дом 2А"
478,55.507005705590444,37.56775770863274,"город Москва, город Щербинка, Юбилейная улица, дом 8"
479,55.50217809475337,37.5448232407306,"город Москва, город Щербинка, улица Барышевская Роща, дом 22"
